{"cameraMode":{"drawMode":0,"name":"Shaded","section":"Shading Mode"},"sceneLighting":true,"audioPlay":false,"sceneViewState":{"showFog":true,"showMaterialUpdate":false,"showSkybox":true,"showFlares":true,"showImageEffects":true,"showParticleSystems":true},"in2DMode":false,"pivot":{"x":-5.0686845779418949,"y":-8.358468055725098,"z":27.754440307617189},"rotation":{"x":-0.30331242084503176,"y":0.03801511228084564,"z":-0.0121342483907938,"w":-0.9520981311798096},"size":38.520267486572269,"orthographic":false}