{"cameraMode":{"drawMode":0,"name":"Shaded","section":"Shading Mode"},"sceneLighting":false,"audioPlay":false,"sceneViewState":{"showFog":true,"showMaterialUpdate":false,"showSkybox":false,"showFlares":true,"showImageEffects":true,"showParticleSystems":true},"in2DMode":false,"pivot":{"x":-9.0,"y":0.8830173015594482,"z":20.120868682861329},"rotation":{"x":0.4039081931114197,"y":-0.03539668768644333,"z":0.015637123957276346,"w":0.9139994978904724},"size":5.053830623626709,"orthographic":false}