{"cameraMode":{"drawMode":0,"name":"Shaded","section":"Shading Mode"},"sceneLighting":false,"audioPlay":false,"sceneViewState":{"showFog":true,"showMaterialUpdate":false,"showSkybox":false,"showFlares":true,"showImageEffects":true,"showParticleSystems":true},"in2DMode":false,"pivot":{"x":8.940696716308594e-8,"y":1.0734233856201172,"z":19.695072174072267},"rotation":{"x":0.4039081931114197,"y":-0.03539668768644333,"z":0.015637123957276346,"w":0.9139994978904724},"size":5.973343372344971,"orthographic":false}